count,timestamp,is_valid,reasons,hostname,system_name,processor,version,machine,sem3,sem4,sem5,sem6,ค30203,ค30204,ค30205,ค30206,ค30207,ค30208,ค30209,ค30210,ค30211,ค30212,ค30213,ว30301,ว30302,ว30303,ว30304,ว30305,ว30306,ว30307,ว30308,ว30401,ว30402,ว30403,ว30404,ว30405,ว30406,ว30407,ว30408,ว30409,ว30410,ว30501,ว30502,ว30503,ว30504,ว30505,ว30506,ว30507,ว30508,ว30509,ว30510,ว30601,ว30602,ว30603,ว30604,ว30703,ว30704,ว30705,ว30706,ว30707,ว30708,ว30709,ว30710,ว30711,ว30712,ว30713,ว30807,ว30808,ว30809,ว30810,ว30811,ว30812,ว30813,ว30814,ว30815,ว30816,ว30817,ว30901,ว30902,ท30201,ท30202,ท30203,ท30204,ท30205,ท30206,ท30207,ท30208,ศ30201,ศ30202,ศ30203,ศ30204,ศ30205,ส30201,ส30202,ส30203,ส30204,ส30205,อ30207,อ30208,อ30209,อ30210,อ30211,ก30201,ก30202,จ30201,จ30202,ซ30201,ซ30202,ญ30201,ญ30202,ป30201,ป30202,ฝ30201,ฝ30202,ย30201,ย30202,ร30201,ร30202
1,20250811-143113,True,,tameszaza-Cyborg-15-A12VF,Linux,x86_64,#27~24.04.1-Ubuntu SMP PREEMPT_DYNAMIC Tue Jul 22 17:38:49 UTC 2,x86_64,"ว30307,ว30808,ว30811,ท30201","ค30205,ว30510,ว30809,อ30207","อ30210,ป30202","ค30203,ว30505,ว30710,ป30201",6,0,4,0,0,0,0,0,0,0,0,0,0,0,0,0,0,3,0,0,0,0,0,0,0,0,0,0,0,0,0,0,0,6,0,0,0,0,4,0,0,0,0,0,0,0,0,0,0,0,6,0,0,0,0,3,4,0,3,0,0,0,0,0,0,0,0,3,0,0,0,0,0,0,0,0,0,0,0,0,0,0,0,0,0,4,0,0,5,0,0,0,0,0,0,0,0,0,6,5,0,0,0,0,0,0
2,20250811-143552,False,One or more color counts are greater than 4.,tameszaza-Cyborg-15-A12VF,Linux,x86_64,#27~24.04.1-Ubuntu SMP PREEMPT_DYNAMIC Tue Jul 22 17:38:49 UTC 2,x86_64,"ว30307,ว30808,ว30811,ท30203","ค30206,ว30601,ว30809,อ30207","อ30210,ป30202","ค30204,ว30505,ว30710,ส30205,ป30201",0,6,0,4,0,0,0,0,0,0,0,0,0,0,0,0,0,3,0,0,0,0,0,0,0,0,0,0,0,0,0,0,0,6,0,0,0,0,0,4,0,0,0,0,0,0,0,0,0,0,6,0,0,0,0,3,4,0,3,0,0,0,0,0,0,0,0,0,0,3,0,0,0,0,0,0,0,0,0,0,0,0,0,0,6,4,0,0,5,0,0,0,0,0,0,0,0,0,6,5,0,0,0,0,0,0
3,20250811-144259,True,,tameszaza-Cyborg-15-A12VF,Linux,x86_64,#27~24.04.1-Ubuntu SMP PREEMPT_DYNAMIC Tue Jul 22 17:38:49 UTC 2,x86_64,"ว30307,ว30808,ว30814,ท30203","ค30206,ว30603,ว30809,อ30207","อ30210,ป30202","ค30204,ว30506,ว30710,ป30201",0,6,0,4,0,0,0,0,0,0,0,0,0,0,0,0,0,3,0,0,0,0,0,0,0,0,0,0,0,0,0,0,0,0,6,0,0,0,0,0,0,4,0,0,0,0,0,0,0,0,6,0,0,0,0,3,4,0,0,0,0,3,0,0,0,0,0,0,0,3,0,0,0,0,0,0,0,0,0,0,0,0,0,0,0,4,0,0,5,0,0,0,0,0,0,0,0,0,6,5,0,0,0,0,0,0
4,20250811-144505,False,"Stem count is less than 8., Foreign count is not equal to 2., Total count is less than 14.",tameszaza-Cyborg-15-A12VF,Linux,x86_64,#27~24.04.1-Ubuntu SMP PREEMPT_DYNAMIC Tue Jul 22 17:38:49 UTC 2,x86_64,,,,,0,0,0,0,0,0,0,0,0,0,0,0,0,0,0,0,0,0,0,0,0,0,0,0,0,0,0,0,0,0,0,0,0,0,0,0,0,0,0,0,0,0,0,0,0,0,0,0,0,0,0,0,0,0,0,0,0,0,0,0,0,0,0,0,0,0,0,0,0,0,0,0,0,0,0,0,0,0,0,0,0,0,0,0,0,0,0,0,0,0,0,0,0,0,0,0,0,0,0,0,0,0,0,0,0,0
5,20250811-144520,False,"Stem count is less than 8., Foreign count is not equal to 2., Total count is less than 14.",tameszaza-Cyborg-15-A12VF,Linux,x86_64,#27~24.04.1-Ubuntu SMP PREEMPT_DYNAMIC Tue Jul 22 17:38:49 UTC 2,x86_64,,"ว30407,ศ30201",,,0,0,0,0,0,0,0,0,0,0,0,0,0,0,0,0,0,0,0,0,0,0,0,0,0,4,0,0,0,0,0,0,0,0,0,0,0,0,0,0,0,0,0,0,0,0,0,0,0,0,0,0,0,0,0,0,0,0,0,0,0,0,0,0,0,0,0,0,0,0,0,0,0,0,0,4,0,0,0,0,0,0,0,0,0,0,0,0,0,0,0,0,0,0,0,0,0,0,0,0,0,0,0,0,0,0
6,20250811-144925,False,"Stem count is less than 8., Foreign count is not equal to 2., Total count is less than 14.",tameszaza-Cyborg-15-A12VF,Linux,x86_64,#27~24.04.1-Ubuntu SMP PREEMPT_DYNAMIC Tue Jul 22 17:38:49 UTC 2,x86_64,,,,,0,0,0,0,0,0,0,0,0,0,0,0,0,0,0,0,0,0,0,0,0,0,0,0,0,0,0,0,0,0,0,0,0,0,0,0,0,0,0,0,0,0,0,0,0,0,0,0,0,0,0,0,0,0,0,0,0,0,0,0,0,0,0,0,0,0,0,0,0,0,0,0,0,0,0,0,0,0,0,0,0,0,0,0,0,0,0,0,0,0,0,0,0,0,0,0,0,0,0,0,0,0,0,0,0,0
7,20250811-144951,False,"Stem count is less than 8., Foreign count is not equal to 2., Total count is less than 14.",tameszaza-Cyborg-15-A12VF,Linux,x86_64,#27~24.04.1-Ubuntu SMP PREEMPT_DYNAMIC Tue Jul 22 17:38:49 UTC 2,x86_64,,,,,0,0,0,0,0,0,0,0,0,0,0,0,0,0,0,0,0,0,0,0,0,0,0,0,0,0,0,0,0,0,0,0,0,0,0,0,0,0,0,0,0,0,0,0,0,0,0,0,0,0,0,0,0,0,0,0,0,0,0,0,0,0,0,0,0,0,0,0,0,0,0,0,0,0,0,0,0,0,0,0,0,0,0,0,0,0,0,0,0,0,0,0,0,0,0,0,0,0,0,0,0,0,0,0,0,0
8,20250811-144956,True,,tameszaza-Cyborg-15-A12VF,Linux,x86_64,#27~24.04.1-Ubuntu SMP PREEMPT_DYNAMIC Tue Jul 22 17:38:49 UTC 2,x86_64,"ว30307,ว30808,ว30814,ท30203","ค30206,ว30703,ว30809,อ30207","อ30210,ป30202","ค30204,ว30506,ว30710,ป30201",0,6,0,4,0,0,0,0,0,0,0,0,0,0,0,0,0,3,0,0,0,0,0,0,0,0,0,0,0,0,0,0,0,0,6,0,0,0,0,0,0,0,0,4,0,0,0,0,0,0,6,0,0,0,0,3,4,0,0,0,0,3,0,0,0,0,0,0,0,3,0,0,0,0,0,0,0,0,0,0,0,0,0,0,0,4,0,0,5,0,0,0,0,0,0,0,0,0,6,5,0,0,0,0,0,0
9,20250811-145202,True,,tameszaza-Cyborg-15-A12VF,Linux,x86_64,#27~24.04.1-Ubuntu SMP PREEMPT_DYNAMIC Tue Jul 22 17:38:49 UTC 2,x86_64,"ว30307,ว30808,ว30814,ท30203","ค30206,ว30703,ว30809,อ30207","อ30210,ป30202","ค30204,ว30506,ว30710,ป30201",0,6,0,4,0,0,0,0,0,0,0,0,0,0,0,0,0,3,0,0,0,0,0,0,0,0,0,0,0,0,0,0,0,0,6,0,0,0,0,0,0,0,0,4,0,0,0,0,0,0,6,0,0,0,0,3,4,0,0,0,0,3,0,0,0,0,0,0,0,3,0,0,0,0,0,0,0,0,0,0,0,0,0,0,0,4,0,0,5,0,0,0,0,0,0,0,0,0,6,5,0,0,0,0,0,0
10,20250811-145324,True,,tameszaza-Cyborg-15-A12VF,Linux,x86_64,#27~24.04.1-Ubuntu SMP PREEMPT_DYNAMIC Tue Jul 22 17:38:49 UTC 2,x86_64,"ว30307,ว30808,ว30814,ท30203","ค30206,ว30703,ว30809,อ30207","อ30210,ป30202","ค30204,ว30506,ว30710,ป30201",0,6,0,4,0,0,0,0,0,0,0,0,0,0,0,0,0,3,0,0,0,0,0,0,0,0,0,0,0,0,0,0,0,0,6,0,0,0,0,0,0,0,0,4,0,0,0,0,0,0,6,0,0,0,0,3,4,0,0,0,0,3,0,0,0,0,0,0,0,3,0,0,0,0,0,0,0,0,0,0,0,0,0,0,0,4,0,0,5,0,0,0,0,0,0,0,0,0,6,5,0,0,0,0,0,0
11,20250811-145341,True,,tameszaza-Cyborg-15-A12VF,Linux,x86_64,#27~24.04.1-Ubuntu SMP PREEMPT_DYNAMIC Tue Jul 22 17:38:49 UTC 2,x86_64,"ว30307,ว30809,ว30814,ท30203","ค30206,ว30703,ว30809,อ30207","อ30210,ป30202","ค30204,ว30506,ว30711,ป30201",0,6,0,4,0,0,0,0,0,0,0,0,0,0,0,0,0,3,0,0,0,0,0,0,0,0,0,0,0,0,0,0,0,0,6,0,0,0,0,0,0,0,0,4,0,0,0,0,0,0,0,6,0,0,0,0,4,0,0,0,0,3,0,0,0,0,0,0,0,3,0,0,0,0,0,0,0,0,0,0,0,0,0,0,0,4,0,0,5,0,0,0,0,0,0,0,0,0,6,5,0,0,0,0,0,0
12,20250811-145353,True,,tameszaza-Cyborg-15-A12VF,Linux,x86_64,#27~24.04.1-Ubuntu SMP PREEMPT_DYNAMIC Tue Jul 22 17:38:49 UTC 2,x86_64,"ว30307,ว30808,ว30814,ท30201","ค30206,ว30703,ว30809,อ30207","อ30210,ป30202","ค30204,ว30506,ว30710,ป30201",0,6,0,4,0,0,0,0,0,0,0,0,0,0,0,0,0,3,0,0,0,0,0,0,0,0,0,0,0,0,0,0,0,0,6,0,0,0,0,0,0,0,0,4,0,0,0,0,0,0,6,0,0,0,0,3,4,0,0,0,0,3,0,0,0,0,0,3,0,0,0,0,0,0,0,0,0,0,0,0,0,0,0,0,0,4,0,0,5,0,0,0,0,0,0,0,0,0,6,5,0,0,0,0,0,0
13,20250811-145453,False,One or more color counts are greater than 4.,tameszaza-Cyborg-15-A12VF,Linux,x86_64,#27~24.04.1-Ubuntu SMP PREEMPT_DYNAMIC Tue Jul 22 17:38:49 UTC 2,x86_64,"ว30307,ว30808,ท30203","ค30206,ว30703,ว30809,อ30207","อ30210,ป30202","ค30204,ว30506,ว30710,ว30809,ป30201",0,6,0,4,0,0,0,0,0,0,0,0,0,0,0,0,0,3,0,0,0,0,0,0,0,0,0,0,0,0,0,0,0,0,6,0,0,0,0,0,0,0,0,4,0,0,0,0,0,0,6,0,0,0,0,3,4,0,0,0,0,0,0,0,0,0,0,0,0,3,0,0,0,0,0,0,0,0,0,0,0,0,0,0,0,4,0,0,5,0,0,0,0,0,0,0,0,0,6,5,0,0,0,0,0,0
14,20250811-145615,False,One or more color counts are greater than 4.,tameszaza-Cyborg-15-A12VF,Linux,x86_64,#27~24.04.1-Ubuntu SMP PREEMPT_DYNAMIC Tue Jul 22 17:38:49 UTC 2,x86_64,,"ค30212,ว30307,ว30808,ว30814,ท30203",,"อ30210,ป30202",0,0,0,0,0,0,0,0,0,4,0,0,0,0,0,0,0,4,0,0,0,0,0,0,0,0,0,0,0,0,0,0,0,0,0,0,0,0,0,0,0,0,0,0,0,0,0,0,0,0,0,0,0,0,0,4,0,0,0,0,0,4,0,0,0,0,0,0,0,4,0,0,0,0,0,0,0,0,0,0,0,0,0,0,0,0,0,0,6,0,0,0,0,0,0,0,0,0,0,6,0,0,0,0,0,0
15,20250811-145633,False,One or more color counts are greater than 4.,tameszaza-Cyborg-15-A12VF,Linux,x86_64,#27~24.04.1-Ubuntu SMP PREEMPT_DYNAMIC Tue Jul 22 17:38:49 UTC 2,x86_64,,"ว30307,ว30808,ว30814,ท30203",,"อ30210,ป30202",0,0,0,0,0,0,0,0,0,0,0,0,0,0,0,0,0,4,0,0,0,0,0,0,0,0,0,0,0,0,0,0,0,0,0,0,0,0,0,0,0,0,0,0,0,0,0,0,0,0,0,0,0,0,0,4,0,0,0,0,0,4,0,0,0,0,0,0,0,4,0,0,0,0,0,0,0,0,0,0,0,0,0,0,0,0,0,0,6,0,0,0,0,0,0,0,0,0,0,6,0,0,0,0,0,0
16,20250811-145756,False,One or more color counts are greater than 4.,tameszaza-Cyborg-15-A12VF,Linux,x86_64,#27~24.04.1-Ubuntu SMP PREEMPT_DYNAMIC Tue Jul 22 17:38:49 UTC 2,x86_64,"ว30307,ว30409,ว30808,ว30814,ท30203","ค30204,ว30506,ว30710,ป30201","ค30206,ว30703,ว30809,อ30207","อ30210,ป30202",0,4,0,5,0,0,0,0,0,0,0,0,0,0,0,0,0,3,0,0,0,0,0,0,0,0,0,3,0,0,0,0,0,0,4,0,0,0,0,0,0,0,0,5,0,0,0,0,0,0,4,0,0,0,0,3,5,0,0,0,0,3,0,0,0,0,0,0,0,3,0,0,0,0,0,0,0,0,0,0,0,0,0,0,0,5,0,0,6,0,0,0,0,0,0,0,0,0,4,6,0,0,0,0,0,0
17,20250811-145805,False,"Stem count is less than 8., Total count is less than 14., One or more color counts are greater than 4.",tameszaza-Cyborg-15-A12VF,Linux,x86_64,#27~24.04.1-Ubuntu SMP PREEMPT_DYNAMIC Tue Jul 22 17:38:49 UTC 2,x86_64,"ว30307,ว30708,ว30814,ท30203","ค30204,ว30502,ว30708,ป30201","ค30206,อ30207","อ30210,ป30202",0,4,0,5,0,0,0,0,0,0,0,0,0,0,0,0,0,3,0,0,0,0,0,0,0,0,0,0,0,0,4,0,0,0,0,0,0,0,0,0,0,0,0,0,0,0,0,0,4,0,0,0,0,0,0,0,0,0,0,0,0,3,0,0,0,0,0,0,0,3,0,0,0,0,0,0,0,0,0,0,0,0,0,0,0,5,0,0,6,0,0,0,0,0,0,0,0,0,4,6,0,0,0,0,0,0
18,20250811-145817,False,"Stem count is less than 8., Foreign count is not equal to 2., Total count is less than 14.",tameszaza-Cyborg-15-A12VF,Linux,x86_64,#27~24.04.1-Ubuntu SMP PREEMPT_DYNAMIC Tue Jul 22 17:38:49 UTC 2,x86_64,,,,,0,0,0,0,0,0,0,0,0,0,0,0,0,0,0,0,0,0,0,0,0,0,0,0,0,0,0,0,0,0,0,0,0,0,0,0,0,0,0,0,0,0,0,0,0,0,0,0,0,0,0,0,0,0,0,0,0,0,0,0,0,0,0,0,0,0,0,0,0,0,0,0,0,0,0,0,0,0,0,0,0,0,0,0,0,0,0,0,0,0,0,0,0,0,0,0,0,0,0,0,0,0,0,0,0,0
19,20250811-145821,False,One or more color counts are greater than 4.,tameszaza-Cyborg-15-A12VF,Linux,x86_64,#27~24.04.1-Ubuntu SMP PREEMPT_DYNAMIC Tue Jul 22 17:38:49 UTC 2,x86_64,"ค30212,ว30307,ว30808,ว30814,ท30203","ค30204,ว30506,ว30710,ป30201","ค30206,ว30703,ว30809,อ30207","อ30210,ป30202",0,4,0,5,0,0,0,0,0,3,0,0,0,0,0,0,0,3,0,0,0,0,0,0,0,0,0,0,0,0,0,0,0,0,4,0,0,0,0,0,0,0,0,5,0,0,0,0,0,0,4,0,0,0,0,3,5,0,0,0,0,3,0,0,0,0,0,0,0,3,0,0,0,0,0,0,0,0,0,0,0,0,0,0,0,5,0,0,6,0,0,0,0,0,0,0,0,0,4,6,0,0,0,0,0,0
20,20250811-145856,False,One or more color counts are greater than 4.,tameszaza-Cyborg-15-A12VF,Linux,x86_64,#27~24.04.1-Ubuntu SMP PREEMPT_DYNAMIC Tue Jul 22 17:38:49 UTC 2,x86_64,"ว30307,ว30808,ว30814,ท30203","ค30204,ว30506,ว30710,ป30201","ค30206,ว30704,ว30809,อ30207","อ30210,ป30202",0,4,0,5,0,0,0,0,0,0,0,0,0,0,0,0,0,3,0,0,0,0,0,0,0,0,0,0,0,0,0,0,0,0,4,0,0,0,0,0,0,0,0,0,5,0,0,0,0,0,4,0,0,0,0,3,5,0,0,0,0,3,0,0,0,0,0,0,0,3,0,0,0,0,0,0,0,0,0,0,0,0,0,0,0,5,0,0,6,0,0,0,0,0,0,0,0,0,4,6,0,0,0,0,0,0
21,20250811-150138,True,,tameszaza-Cyborg-15-A12VF,Linux,x86_64,#27~24.04.1-Ubuntu SMP PREEMPT_DYNAMIC Tue Jul 22 17:38:49 UTC 2,x86_64,"ว30307,ว30808,ว30814,ท30203","ค30204,ว30506,ว30710,ป30201","ค30206,ว30703,ว30809,อ30207","อ30210,ป30202",0,4,0,5,0,0,0,0,0,0,0,0,0,0,0,0,0,3,0,0,0,0,0,0,0,0,0,0,0,0,0,0,0,0,4,0,0,0,0,0,0,0,0,5,0,0,0,0,0,0,4,0,0,0,0,3,5,0,0,0,0,3,0,0,0,0,0,0,0,3,0,0,0,0,0,0,0,0,0,0,0,0,0,0,0,5,0,0,6,0,0,0,0,0,0,0,0,0,4,6,0,0,0,0,0,0
22,20250811-150250,False,"Foreign count is not equal to 2., Total count is less than 14.",tameszaza-Cyborg-15-A12VF,Linux,x86_64,#27~24.04.1-Ubuntu SMP PREEMPT_DYNAMIC Tue Jul 22 17:38:49 UTC 2,x86_64,"ว30307,ว30807,ว30814,ท30204","ค30204,ว30506,ว30710","ค30206,ว30703,ว30809,อ30207",อ30210,0,4,0,5,0,0,0,0,0,0,0,0,0,0,0,0,0,3,0,0,0,0,0,0,0,0,0,0,0,0,0,0,0,0,4,0,0,0,0,0,0,0,0,5,0,0,0,0,0,0,4,0,0,0,3,0,5,0,0,0,0,3,0,0,0,0,0,0,0,0,3,0,0,0,0,0,0,0,0,0,0,0,0,0,0,5,0,0,6,0,0,0,0,0,0,0,0,0,0,0,0,0,0,0,0,0
23,20250811-150542,True,,tameszaza-Cyborg-15-A12VF,Linux,x86_64,#27~24.04.1-Ubuntu SMP PREEMPT_DYNAMIC Tue Jul 22 17:38:49 UTC 2,x86_64,"ว30307,ว30808,ว30814,ท30203","ค30204,ว30506,ว30710,ป30201","ค30206,ว30604,ว30809,อ30207","อ30210,ป30202",0,4,0,5,0,0,0,0,0,0,0,0,0,0,0,0,0,3,0,0,0,0,0,0,0,0,0,0,0,0,0,0,0,0,4,0,0,0,0,0,0,0,5,0,0,0,0,0,0,0,4,0,0,0,0,3,5,0,0,0,0,3,0,0,0,0,0,0,0,3,0,0,0,0,0,0,0,0,0,0,0,0,0,0,0,5,0,0,6,0,0,0,0,0,0,0,0,0,4,6,0,0,0,0,0,0
24,20250811-150555,True,,tameszaza-Cyborg-15-A12VF,Linux,x86_64,#27~24.04.1-Ubuntu SMP PREEMPT_DYNAMIC Tue Jul 22 17:38:49 UTC 2,x86_64,"ว30307,ว30808,ว30815,ท30201","ค30204,ว30506,ว30710,ป30201","ค30206,ว30703,ว30809,อ30207","อ30210,ป30202",0,4,0,5,0,0,0,0,0,0,0,0,0,0,0,0,0,3,0,0,0,0,0,0,0,0,0,0,0,0,0,0,0,0,4,0,0,0,0,0,0,0,0,5,0,0,0,0,0,0,4,0,0,0,0,3,5,0,0,0,0,0,3,0,0,0,0,3,0,0,0,0,0,0,0,0,0,0,0,0,0,0,0,0,0,5,0,0,6,0,0,0,0,0,0,0,0,0,4,6,0,0,0,0,0,0
25,20250811-150611,True,,tameszaza-Cyborg-15-A12VF,Linux,x86_64,#27~24.04.1-Ubuntu SMP PREEMPT_DYNAMIC Tue Jul 22 17:38:49 UTC 2,x86_64,"ว30307,ว30808,ว30814,ท30203","ค30204,ว30507,ว30710,ป30201","ค30206,ว30704,ว30809,อ30207","อ30210,ป30202",0,4,0,5,0,0,0,0,0,0,0,0,0,0,0,0,0,3,0,0,0,0,0,0,0,0,0,0,0,0,0,0,0,0,0,4,0,0,0,0,0,0,0,0,5,0,0,0,0,0,4,0,0,0,0,3,5,0,0,0,0,3,0,0,0,0,0,0,0,3,0,0,0,0,0,0,0,0,0,0,0,0,0,0,0,5,0,0,6,0,0,0,0,0,0,0,0,0,4,6,0,0,0,0,0,0
26,20250811-150617,True,,tameszaza-Cyborg-15-A12VF,Linux,x86_64,#27~24.04.1-Ubuntu SMP PREEMPT_DYNAMIC Tue Jul 22 17:38:49 UTC 2,x86_64,"ว30307,ว30808,ว30814,ท30202","ค30204,ว30506,ว30710,ป30201","ค30206,ว30705,ว30809,อ30207","อ30210,ป30202",0,4,0,5,0,0,0,0,0,0,0,0,0,0,0,0,0,3,0,0,0,0,0,0,0,0,0,0,0,0,0,0,0,0,4,0,0,0,0,0,0,0,0,0,0,5,0,0,0,0,4,0,0,0,0,3,5,0,0,0,0,3,0,0,0,0,0,0,3,0,0,0,0,0,0,0,0,0,0,0,0,0,0,0,0,5,0,0,6,0,0,0,0,0,0,0,0,0,4,6,0,0,0,0,0,0
27,20250811-150628,False,Total count is less than 14.,tameszaza-Cyborg-15-A12VF,Linux,x86_64,#27~24.04.1-Ubuntu SMP PREEMPT_DYNAMIC Tue Jul 22 17:38:49 UTC 2,x86_64,"ค30208,ว30410,ว30407,ว30510","ว30506,อ30211,ญ30201","ค30210,ค30213,ว30813,ท30206","ว30711,ญ30202",0,0,0,0,0,3,0,5,0,0,5,0,0,0,0,0,0,0,0,0,0,0,0,0,0,3,0,0,3,0,0,0,0,0,4,0,0,0,3,0,0,0,0,0,0,0,0,0,0,0,0,6,0,0,0,0,0,0,0,0,5,0,0,0,0,0,0,0,0,0,0,0,5,0,0,0,0,0,0,0,0,0,0,0,0,0,0,0,0,4,0,0,0,0,0,0,4,6,0,0,0,0,0,0,0,0
28,20250811-150637,True,,tameszaza-Cyborg-15-A12VF,Linux,x86_64,#27~24.04.1-Ubuntu SMP PREEMPT_DYNAMIC Tue Jul 22 17:38:49 UTC 2,x86_64,"ค30208,ว30407,ว30410,ว30509","ค30203,ว30506,อ30211,ญ30201","ค30210,ว30301,ว30813,ท30208","ว30711,ญ30202",4,0,0,0,0,3,0,5,0,0,0,5,0,0,0,0,0,0,0,0,0,0,0,0,0,3,0,0,3,0,0,0,0,0,4,0,0,3,0,0,0,0,0,0,0,0,0,0,0,0,0,6,0,0,0,0,0,0,0,0,5,0,0,0,0,0,0,0,0,0,0,0,0,0,5,0,0,0,0,0,0,0,0,0,0,0,0,0,0,4,0,0,0,0,0,0,4,6,0,0,0,0,0,0,0,0
29,20250811-150637,True,,tameszaza-Cyborg-15-A12VF,Linux,x86_64,#27~24.04.1-Ubuntu SMP PREEMPT_DYNAMIC Tue Jul 22 17:38:49 UTC 2,x86_64,"ค30208,ว30410,ว30407,ว30509","ค30203,ว30506,อ30211,ป30201","ค30210,ว30301,ว30813,ท30208","ว30711,ป30202",4,0,0,0,0,3,0,5,0,0,0,5,0,0,0,0,0,0,0,0,0,0,0,0,0,3,0,0,3,0,0,0,0,0,4,0,0,3,0,0,0,0,0,0,0,0,0,0,0,0,0,6,0,0,0,0,0,0,0,0,5,0,0,0,0,0,0,0,0,0,0,0,0,0,5,0,0,0,0,0,0,0,0,0,0,0,0,0,0,4,0,0,0,0,0,0,0,0,4,6,0,0,0,0,0,0
30,20250811-150655,True,,tameszaza-Cyborg-15-A12VF,Linux,x86_64,#27~24.04.1-Ubuntu SMP PREEMPT_DYNAMIC Tue Jul 22 17:38:49 UTC 2,x86_64,"ค30208,ว30407,ว30410,ว30509","ค30203,ว30506,อ30211,ญ30201","ค30210,ว30301,ว30813,ท30208","ว30711,ญ30202",4,0,0,0,0,3,0,5,0,0,0,5,0,0,0,0,0,0,0,0,0,0,0,0,0,3,0,0,3,0,0,0,0,0,4,0,0,3,0,0,0,0,0,0,0,0,0,0,0,0,0,6,0,0,0,0,0,0,0,0,5,0,0,0,0,0,0,0,0,0,0,0,0,0,5,0,0,0,0,0,0,0,0,0,0,0,0,0,0,4,0,0,0,0,0,0,4,6,0,0,0,0,0,0,0,0
31,20250811-150725,True,,tameszaza-Cyborg-15-A12VF,Linux,x86_64,#27~24.04.1-Ubuntu SMP PREEMPT_DYNAMIC Tue Jul 22 17:38:49 UTC 2,x86_64,"ค30208,ว30410,ว30407,ว30509","ค30203,ว30506,อ30211,ญ30201","ค30210,ว30301,ว30813,ท30208","ว30711,ญ30202",4,0,0,0,0,3,0,5,0,0,0,5,0,0,0,0,0,0,0,0,0,0,0,0,0,3,0,0,3,0,0,0,0,0,4,0,0,3,0,0,0,0,0,0,0,0,0,0,0,0,0,6,0,0,0,0,0,0,0,0,5,0,0,0,0,0,0,0,0,0,0,0,0,0,5,0,0,0,0,0,0,0,0,0,0,0,0,0,0,4,0,0,0,0,0,0,4,6,0,0,0,0,0,0,0,0
32,20250811-150738,True,,tameszaza-Cyborg-15-A12VF,Linux,x86_64,#27~24.04.1-Ubuntu SMP PREEMPT_DYNAMIC Tue Jul 22 17:38:49 UTC 2,x86_64,"ว30307,ว30808,ว30814,ท30203","ค30204,ว30506,ว30710,ป30201","ค30206,ว30703,ว30809,อ30207","อ30210,ป30202",0,4,0,5,0,0,0,0,0,0,0,0,0,0,0,0,0,3,0,0,0,0,0,0,0,0,0,0,0,0,0,0,0,0,4,0,0,0,0,0,0,0,0,5,0,0,0,0,0,0,4,0,0,0,0,3,5,0,0,0,0,3,0,0,0,0,0,0,0,3,0,0,0,0,0,0,0,0,0,0,0,0,0,0,0,5,0,0,6,0,0,0,0,0,0,0,0,0,4,6,0,0,0,0,0,0
33,20250811-151043,True,,tameszaza-Cyborg-15-A12VF,Linux,x86_64,#27~24.04.1-Ubuntu SMP PREEMPT_DYNAMIC Tue Jul 22 17:38:49 UTC 2,x86_64,"ว30307,ว30808,ว30814,ท30203","ค30204,ว30506,ว30710,ป30201","ค30206,ว30703,ว30809,อ30207","อ30210,ป30202",0,4,0,5,0,0,0,0,0,0,0,0,0,0,0,0,0,3,0,0,0,0,0,0,0,0,0,0,0,0,0,0,0,0,4,0,0,0,0,0,0,0,0,5,0,0,0,0,0,0,4,0,0,0,0,3,5,0,0,0,0,3,0,0,0,0,0,0,0,3,0,0,0,0,0,0,0,0,0,0,0,0,0,0,0,5,0,0,6,0,0,0,0,0,0,0,0,0,4,6,0,0,0,0,0,0
34,20250811-151751,False,"Stem count is less than 8., Foreign count is not equal to 2., Total count is less than 14.",tameszaza-Cyborg-15-A12VF,Linux,x86_64,#27~24.04.1-Ubuntu SMP PREEMPT_DYNAMIC Tue Jul 22 17:38:49 UTC 2,x86_64,,,,,0,0,0,0,0,0,0,0,0,0,0,0,0,0,0,0,0,0,0,0,0,0,0,0,0,0,0,0,0,0,0,0,0,0,0,0,0,0,0,0,0,0,0,0,0,0,0,0,0,0,0,0,0,0,0,0,0,0,0,0,0,0,0,0,0,0,0,0,0,0,0,0,0,0,0,0,0,0,0,0,0,0,0,0,0,0,0,0,0,0,0,0,0,0,0,0,0,0,0,0,0,0,0,0,0,0
35,20250811-152016,True,,tameszaza-Cyborg-15-A12VF,Linux,x86_64,#27~24.04.1-Ubuntu SMP PREEMPT_DYNAMIC Tue Jul 22 17:38:49 UTC 2,x86_64,"ว30307,ว30808,ว30814,ท30203","ค30204,ว30506,ว30710,ป30201","ค30206,ว30703,ว30809,อ30207","อ30210,ป30202",0,4,0,5,0,0,0,0,0,0,0,0,0,0,0,0,0,3,0,0,0,0,0,0,0,0,0,0,0,0,0,0,0,0,4,0,0,0,0,0,0,0,0,5,0,0,0,0,0,0,4,0,0,0,0,3,5,0,0,0,0,3,0,0,0,0,0,0,0,3,0,0,0,0,0,0,0,0,0,0,0,0,0,0,0,5,0,0,6,0,0,0,0,0,0,0,0,0,4,6,0,0,0,0,0,0
36,20250811-152028,False,"Stem count is less than 8., Foreign count is not equal to 2., Total count is less than 14.",tameszaza-Cyborg-15-A12VF,Linux,x86_64,#27~24.04.1-Ubuntu SMP PREEMPT_DYNAMIC Tue Jul 22 17:38:49 UTC 2,x86_64,,,,,0,0,0,0,0,0,0,0,0,0,0,0,0,0,0,0,0,0,0,0,0,0,0,0,0,0,0,0,0,0,0,0,0,0,0,0,0,0,0,0,0,0,0,0,0,0,0,0,0,0,0,0,0,0,0,0,0,0,0,0,0,0,0,0,0,0,0,0,0,0,0,0,0,0,0,0,0,0,0,0,0,0,0,0,0,0,0,0,0,0,0,0,0,0,0,0,0,0,0,0,0,0,0,0,0,0
37,20250811-152050,False,"Stem count is less than 8., Foreign count is not equal to 2., Total count is less than 14.",tameszaza-Cyborg-15-A12VF,Linux,x86_64,#27~24.04.1-Ubuntu SMP PREEMPT_DYNAMIC Tue Jul 22 17:38:49 UTC 2,x86_64,"ว30707,ว30809",ว30706,"ว30508,อ30207",,0,0,0,0,0,0,0,0,0,0,0,0,0,0,0,0,0,0,0,0,0,0,0,0,0,0,0,0,0,0,0,0,0,0,0,0,5,0,0,0,0,0,0,0,0,0,4,3,0,0,0,0,0,0,0,0,3,0,0,0,0,0,0,0,0,0,0,0,0,0,0,0,0,0,0,0,0,0,0,0,0,0,0,0,0,5,0,0,0,0,0,0,0,0,0,0,0,0,0,0,0,0,0,0,0,0
38,20250811-152101,True,,tameszaza-Cyborg-15-A12VF,Linux,x86_64,#27~24.04.1-Ubuntu SMP PREEMPT_DYNAMIC Tue Jul 22 17:38:49 UTC 2,x86_64,"ว30307,ว30808,ว30814,ท30203","ค30204,ว30506,ว30710,ป30201","ค30206,ว30703,ว30809,อ30207","อ30210,ป30202",0,4,0,5,0,0,0,0,0,0,0,0,0,0,0,0,0,3,0,0,0,0,0,0,0,0,0,0,0,0,0,0,0,0,4,0,0,0,0,0,0,0,0,5,0,0,0,0,0,0,4,0,0,0,0,3,5,0,0,0,0,3,0,0,0,0,0,0,0,3,0,0,0,0,0,0,0,0,0,0,0,0,0,0,0,5,0,0,6,0,0,0,0,0,0,0,0,0,4,6,0,0,0,0,0,0
39,20250811-152121,False,One or more color counts are greater than 4.,tameszaza-Cyborg-15-A12VF,Linux,x86_64,#27~24.04.1-Ubuntu SMP PREEMPT_DYNAMIC Tue Jul 22 17:38:49 UTC 2,x86_64,"ค30212,ว30808,ว30815,ท30202","ค30204,ว30405,ว30506,ว30710,ป30201","ค30206,ว30703,ว30810,อ30207","อ30210,ป30202",0,4,0,5,0,0,0,0,0,3,0,0,0,0,0,0,0,0,0,0,0,0,0,4,0,0,0,0,0,0,0,0,0,0,4,0,0,0,0,0,0,0,0,5,0,0,0,0,0,0,4,0,0,0,0,3,0,5,0,0,0,0,3,0,0,0,0,0,3,0,0,0,0,0,0,0,0,0,0,0,0,0,0,0,0,5,0,0,6,0,0,0,0,0,0,0,0,0,4,6,0,0,0,0,0,0
40,20250811-152148,False,One or more color counts are greater than 4.,tameszaza-Cyborg-15-A12VF,Linux,x86_64,#27~24.04.1-Ubuntu SMP PREEMPT_DYNAMIC Tue Jul 22 17:38:49 UTC 2,x86_64,"ค30212,ว30307,ว30713,ว30813,ท30203","ค30204,ว30506,ว30708,ป30201","ค30206,ว30604,ว30809,อ30207","อ30210,ป30202",0,4,0,5,0,0,0,0,0,3,0,0,0,0,0,0,0,3,0,0,0,0,0,0,0,0,0,0,0,0,0,0,0,0,4,0,0,0,0,0,0,0,5,0,0,0,0,0,4,0,0,0,0,3,0,0,5,0,0,0,3,0,0,0,0,0,0,0,0,3,0,0,0,0,0,0,0,0,0,0,0,0,0,0,0,5,0,0,6,0,0,0,0,0,0,0,0,0,4,6,0,0,0,0,0,0
41,20250811-152209,True,,tameszaza-Cyborg-15-A12VF,Linux,x86_64,#27~24.04.1-Ubuntu SMP PREEMPT_DYNAMIC Tue Jul 22 17:38:49 UTC 2,x86_64,"ว30307,ว30808,ว30812,ท30203","ค30204,ว30506,ว30710,ป30201","ค30206,ว30703,ว30809,อ30207","อ30210,ป30202",0,4,0,5,0,0,0,0,0,0,0,0,0,0,0,0,0,3,0,0,0,0,0,0,0,0,0,0,0,0,0,0,0,0,4,0,0,0,0,0,0,0,0,5,0,0,0,0,0,0,4,0,0,0,0,3,5,0,0,3,0,0,0,0,0,0,0,0,0,3,0,0,0,0,0,0,0,0,0,0,0,0,0,0,0,5,0,0,6,0,0,0,0,0,0,0,0,0,4,6,0,0,0,0,0,0
42,20250811-152229,True,,tameszaza-Cyborg-15-A12VF,Linux,x86_64,#27~24.04.1-Ubuntu SMP PREEMPT_DYNAMIC Tue Jul 22 17:38:49 UTC 2,x86_64,"ว30307,ว30808,ว30814,ท30203","ค30204,ว30506,ว30710,ป30201","ค30206,ว30703,ว30809,อ30207","อ30210,ป30202",0,4,0,5,0,0,0,0,0,0,0,0,0,0,0,0,0,3,0,0,0,0,0,0,0,0,0,0,0,0,0,0,0,0,4,0,0,0,0,0,0,0,0,5,0,0,0,0,0,0,4,0,0,0,0,3,5,0,0,0,0,3,0,0,0,0,0,0,0,3,0,0,0,0,0,0,0,0,0,0,0,0,0,0,0,5,0,0,6,0,0,0,0,0,0,0,0,0,4,6,0,0,0,0,0,0
43,20250811-152247,False,"Stem count is less than 8., Foreign count is not equal to 2., Total count is less than 14.",tameszaza-Cyborg-15-A12VF,Linux,x86_64,#27~24.04.1-Ubuntu SMP PREEMPT_DYNAMIC Tue Jul 22 17:38:49 UTC 2,x86_64,ว30601,ว30509,,,0,0,0,0,0,0,0,0,0,0,0,0,0,0,0,0,0,0,0,0,0,0,0,0,0,0,0,0,0,0,0,0,0,0,0,0,0,4,0,3,0,0,0,0,0,0,0,0,0,0,0,0,0,0,0,0,0,0,0,0,0,0,0,0,0,0,0,0,0,0,0,0,0,0,0,0,0,0,0,0,0,0,0,0,0,0,0,0,0,0,0,0,0,0,0,0,0,0,0,0,0,0,0,0,0,0
44,20250811-152253,False,Total count is less than 14.,tameszaza-Cyborg-15-A12VF,Linux,x86_64,#27~24.04.1-Ubuntu SMP PREEMPT_DYNAMIC Tue Jul 22 17:38:49 UTC 2,x86_64,"ว30407,ว30808,ว30809","ค30212,ว30408,ว30710,ป30201","ค30212,ว30706,อ30207","อ30210,ป30202",0,0,0,0,0,0,0,0,0,5,0,0,0,0,0,0,0,0,0,0,0,0,0,0,0,3,4,0,0,0,0,0,0,0,0,0,0,0,0,0,0,0,0,0,0,0,5,0,0,0,4,0,0,0,0,3,3,0,0,0,0,0,0,0,0,0,0,0,0,0,0,0,0,0,0,0,0,0,0,0,0,0,0,0,0,5,0,0,6,0,0,0,0,0,0,0,0,0,4,6,0,0,0,0,0,0
45,20250811-152302,False,One or more color counts are greater than 4.,tameszaza-Cyborg-15-A12VF,Linux,x86_64,#27~24.04.1-Ubuntu SMP PREEMPT_DYNAMIC Tue Jul 22 17:38:49 UTC 2,x86_64,"ค30212,ว30307,ว30808,ว30813,ท30202","ค30204,ว30506,ว30710,ป30201","ค30206,ว30703,ว30809,อ30207","อ30210,ป30202",0,4,0,5,0,0,0,0,0,3,0,0,0,0,0,0,0,3,0,0,0,0,0,0,0,0,0,0,0,0,0,0,0,0,4,0,0,0,0,0,0,0,0,5,0,0,0,0,0,0,4,0,0,0,0,3,5,0,0,0,3,0,0,0,0,0,0,0,3,0,0,0,0,0,0,0,0,0,0,0,0,0,0,0,0,5,0,0,6,0,0,0,0,0,0,0,0,0,4,6,0,0,0,0,0,0
46,20250811-152325,True,,tameszaza-Cyborg-15-A12VF,Linux,x86_64,#27~24.04.1-Ubuntu SMP PREEMPT_DYNAMIC Tue Jul 22 17:38:49 UTC 2,x86_64,"ว30307,ว30808,ว30814,ท30203","ค30204,ว30506,ว30710,ป30201","ค30206,ว30703,ว30809,อ30207","อ30210,ป30202",0,4,0,5,0,0,0,0,0,0,0,0,0,0,0,0,0,3,0,0,0,0,0,0,0,0,0,0,0,0,0,0,0,0,4,0,0,0,0,0,0,0,0,5,0,0,0,0,0,0,4,0,0,0,0,3,5,0,0,0,0,3,0,0,0,0,0,0,0,3,0,0,0,0,0,0,0,0,0,0,0,0,0,0,0,5,0,0,6,0,0,0,0,0,0,0,0,0,4,6,0,0,0,0,0,0
47,20250811-154858,False,"Stem count is less than 8., Foreign count is not equal to 2., Total count is less than 14.",tameszaza-Cyborg-15-A12VF,Linux,x86_64,#27~24.04.1-Ubuntu SMP PREEMPT_DYNAMIC Tue Jul 22 17:38:49 UTC 2,x86_64,,,,,0,0,0,0,0,0,0,0,0,0,0,0,0,0,0,0,0,0,0,0,0,0,0,0,0,0,0,0,0,0,0,0,0,0,0,0,0,0,0,0,0,0,0,0,0,0,0,0,0,0,0,0,0,0,0,0,0,0,0,0,0,0,0,0,0,0,0,0,0,0,0,0,0,0,0,0,0,0,0,0,0,0,0,0,0,0,0,0,0,0,0,0,0,0,0,0,0,0,0,0,0,0,0,0,0,0
48,20250811-154924,False,"Stem count is less than 8., Foreign count is not equal to 2., Total count is less than 14.",tameszaza-Cyborg-15-A12VF,Linux,x86_64,#27~24.04.1-Ubuntu SMP PREEMPT_DYNAMIC Tue Jul 22 17:38:49 UTC 2,x86_64,,,,,0,0,0,0,0,0,0,0,0,0,0,0,0,0,0,0,0,0,0,0,0,0,0,0,0,0,0,0,0,0,0,0,0,0,0,0,0,0,0,0,0,0,0,0,0,0,0,0,0,0,0,0,0,0,0,0,0,0,0,0,0,0,0,0,0,0,0,0,0,0,0,0,0,0,0,0,0,0,0,0,0,0,0,0,0,0,0,0,0,0,0,0,0,0,0,0,0,0,0,0,0,0,0,0,0,0
49,20250811-154933,True,,tameszaza-Cyborg-15-A12VF,Linux,x86_64,#27~24.04.1-Ubuntu SMP PREEMPT_DYNAMIC Tue Jul 22 17:38:49 UTC 2,x86_64,"ค30208,ค30205,ค30210,ค30207","ค30209,ค30204,ค30206,ค30203","ว30306,ว30703,ว30710,จ30201","ว30304,จ30202",4,4,3,4,3,3,4,3,0,0,0,0,0,0,6,0,5,0,0,0,0,0,0,0,0,0,0,0,0,0,0,0,0,0,0,0,0,0,0,0,0,0,0,5,0,0,0,0,0,0,5,0,0,0,0,0,0,0,0,0,0,0,0,0,0,0,0,0,0,0,0,0,0,0,0,0,0,0,0,0,0,0,0,0,0,0,0,0,0,0,0,0,5,6,0,0,0,0,0,0,0,0,0,0,0,0
50,20250811-155015,True,,tameszaza-Cyborg-15-A12VF,Linux,x86_64,#27~24.04.1-Ubuntu SMP PREEMPT_DYNAMIC Tue Jul 22 17:38:49 UTC 2,x86_64,"ค30208,ค30207,ค30210,ค30205","ค30203,ค30206,ค30209,ค30204","ว30306,ว30703,ว30710,จ30201","ว30304,จ30202",4,4,3,4,3,3,4,3,0,0,0,0,0,0,6,0,5,0,0,0,0,0,0,0,0,0,0,0,0,0,0,0,0,0,0,0,0,0,0,0,0,0,0,5,0,0,0,0,0,0,5,0,0,0,0,0,0,0,0,0,0,0,0,0,0,0,0,0,0,0,0,0,0,0,0,0,0,0,0,0,0,0,0,0,0,0,0,0,0,0,0,0,5,6,0,0,0,0,0,0,0,0,0,0,0,0
51,20250811-155024,True,,tameszaza-Cyborg-15-A12VF,Linux,x86_64,#27~24.04.1-Ubuntu SMP PREEMPT_DYNAMIC Tue Jul 22 17:38:49 UTC 2,x86_64,"ค30205,ค30208,ค30207,ค30210","ค30209,ค30203,ค30206,ค30204","ว30306,ว30703,ว30710,จ30201","ว30304,จ30202",4,4,3,4,3,3,4,3,0,0,0,0,0,0,6,0,5,0,0,0,0,0,0,0,0,0,0,0,0,0,0,0,0,0,0,0,0,0,0,0,0,0,0,5,0,0,0,0,0,0,5,0,0,0,0,0,0,0,0,0,0,0,0,0,0,0,0,0,0,0,0,0,0,0,0,0,0,0,0,0,0,0,0,0,0,0,0,0,0,0,0,0,5,6,0,0,0,0,0,0,0,0,0,0,0,0
52,20250811-155026,True,,tameszaza-Cyborg-15-A12VF,Linux,x86_64,#27~24.04.1-Ubuntu SMP PREEMPT_DYNAMIC Tue Jul 22 17:38:49 UTC 2,x86_64,"ค30205,ค30207,ค30208,ค30210","ค30203,ค30204,ค30209,ค30206","ว30306,ว30703,ว30710,จ30201","ว30304,จ30202",4,4,3,4,3,3,4,3,0,0,0,0,0,0,6,0,5,0,0,0,0,0,0,0,0,0,0,0,0,0,0,0,0,0,0,0,0,0,0,0,0,0,0,5,0,0,0,0,0,0,5,0,0,0,0,0,0,0,0,0,0,0,0,0,0,0,0,0,0,0,0,0,0,0,0,0,0,0,0,0,0,0,0,0,0,0,0,0,0,0,0,0,5,6,0,0,0,0,0,0,0,0,0,0,0,0
53,20250811-175945,False,"Total count is less than 14., One or more color counts are greater than 4.",tameszaza-Cyborg-15-A12VF,Linux,x86_64,#27~24.04.1-Ubuntu SMP PREEMPT_DYNAMIC Tue Jul 22 17:38:49 UTC 2,x86_64,"ค30206,ค30210,ค30209,ค30212,ว30409",,"ว30304,ว30703,ว30710,ก30202","ว30302,จ30201",0,0,0,3,0,0,3,3,0,3,0,0,6,0,5,0,0,0,0,0,0,0,0,0,0,0,0,3,0,0,0,0,0,0,0,0,0,0,0,0,0,0,0,5,0,0,0,0,0,0,5,0,0,0,0,0,0,0,0,0,0,0,0,0,0,0,0,0,0,0,0,0,0,0,0,0,0,0,0,0,0,0,0,0,0,0,0,0,0,0,0,5,6,0,0,0,0,0,0,0,0,0,0,0,0,0
54,20250811-175949,True,,tameszaza-Cyborg-15-A12VF,Linux,x86_64,#27~24.04.1-Ubuntu SMP PREEMPT_DYNAMIC Tue Jul 22 17:38:49 UTC 2,x86_64,"ค30207,ค30210,ค30208,ค30205","ค30209,ค30206,ค30204,ค30203","ว30306,ว30602,ว30710,จ30201","ว30304,จ30202",4,4,3,4,3,3,4,3,0,0,0,0,0,0,6,0,5,0,0,0,0,0,0,0,0,0,0,0,0,0,0,0,0,0,0,0,0,0,0,0,5,0,0,0,0,0,0,0,0,0,5,0,0,0,0,0,0,0,0,0,0,0,0,0,0,0,0,0,0,0,0,0,0,0,0,0,0,0,0,0,0,0,0,0,0,0,0,0,0,0,0,0,5,6,0,0,0,0,0,0,0,0,0,0,0,0
55,20250811-180000,False,Total count is less than 14.,tameszaza-Cyborg-15-A12VF,Linux,x86_64,#27~24.04.1-Ubuntu SMP PREEMPT_DYNAMIC Tue Jul 22 17:38:49 UTC 2,x86_64,"ค30208,ค30207,ค30205,ค30210","ค30204,ค30206,ค30203,ค30209","ว30306,ฝ30201","ว30304,ฝ30202",4,4,3,4,3,3,4,3,0,0,0,0,0,0,6,0,5,0,0,0,0,0,0,0,0,0,0,0,0,0,0,0,0,0,0,0,0,0,0,0,0,0,0,0,0,0,0,0,0,0,0,0,0,0,0,0,0,0,0,0,0,0,0,0,0,0,0,0,0,0,0,0,0,0,0,0,0,0,0,0,0,0,0,0,0,0,0,0,0,0,0,0,0,0,0,0,0,0,0,0,5,6,0,0,0,0
56,20250811-180001,True,,tameszaza-Cyborg-15-A12VF,Linux,x86_64,#27~24.04.1-Ubuntu SMP PREEMPT_DYNAMIC Tue Jul 22 17:38:49 UTC 2,x86_64,"ค30208,ค30205,ค30210,ค30207","ค30209,ค30206,ค30204,ค30203","ว30306,ว30703,ว30710,จ30201","ว30304,จ30202",4,4,3,4,3,3,4,3,0,0,0,0,0,0,6,0,5,0,0,0,0,0,0,0,0,0,0,0,0,0,0,0,0,0,0,0,0,0,0,0,0,0,0,5,0,0,0,0,0,0,5,0,0,0,0,0,0,0,0,0,0,0,0,0,0,0,0,0,0,0,0,0,0,0,0,0,0,0,0,0,0,0,0,0,0,0,0,0,0,0,0,0,5,6,0,0,0,0,0,0,0,0,0,0,0,0
57,20250811-180010,True,,tameszaza-Cyborg-15-A12VF,Linux,x86_64,#27~24.04.1-Ubuntu SMP PREEMPT_DYNAMIC Tue Jul 22 17:38:49 UTC 2,x86_64,"ค30210,ค30207,ค30208,ค30205","ค30209,ค30204,ค30203,ค30206","ว30306,ว30703,ว30710,จ30201","ว30304,จ30202",4,4,3,4,3,3,4,3,0,0,0,0,0,0,6,0,5,0,0,0,0,0,0,0,0,0,0,0,0,0,0,0,0,0,0,0,0,0,0,0,0,0,0,5,0,0,0,0,0,0,5,0,0,0,0,0,0,0,0,0,0,0,0,0,0,0,0,0,0,0,0,0,0,0,0,0,0,0,0,0,0,0,0,0,0,0,0,0,0,0,0,0,5,6,0,0,0,0,0,0,0,0,0,0,0,0
58,20250811-180012,False,Total count is less than 14.,tameszaza-Cyborg-15-A12VF,Linux,x86_64,#27~24.04.1-Ubuntu SMP PREEMPT_DYNAMIC Tue Jul 22 17:38:49 UTC 2,x86_64,"ค30213,ค30210,ค30211,ค30207",ค30212,"ว30305,ว30704,ว30710,จ30201","ว30303,จ30202",0,0,0,0,3,0,0,3,3,4,3,0,0,6,0,5,0,0,0,0,0,0,0,0,0,0,0,0,0,0,0,0,0,0,0,0,0,0,0,0,0,0,0,0,5,0,0,0,0,0,5,0,0,0,0,0,0,0,0,0,0,0,0,0,0,0,0,0,0,0,0,0,0,0,0,0,0,0,0,0,0,0,0,0,0,0,0,0,0,0,0,0,5,6,0,0,0,0,0,0,0,0,0,0,0,0
59,20250811-180013,True,,tameszaza-Cyborg-15-A12VF,Linux,x86_64,#27~24.04.1-Ubuntu SMP PREEMPT_DYNAMIC Tue Jul 22 17:38:49 UTC 2,x86_64,"ค30207,ค30210,ค30205,ค30208","ค30206,ค30203,ค30204,ค30209","ว30306,ว30703,ว30710,จ30201","ว30304,จ30202",4,4,3,4,3,3,4,3,0,0,0,0,0,0,6,0,5,0,0,0,0,0,0,0,0,0,0,0,0,0,0,0,0,0,0,0,0,0,0,0,0,0,0,5,0,0,0,0,0,0,5,0,0,0,0,0,0,0,0,0,0,0,0,0,0,0,0,0,0,0,0,0,0,0,0,0,0,0,0,0,0,0,0,0,0,0,0,0,0,0,0,0,5,6,0,0,0,0,0,0,0,0,0,0,0,0
60,20250811-180016,True,,tameszaza-Cyborg-15-A12VF,Linux,x86_64,#27~24.04.1-Ubuntu SMP PREEMPT_DYNAMIC Tue Jul 22 17:38:49 UTC 2,x86_64,"ค30205,ค30210,ค30208,ค30207","ค30206,ค30204,ค30203,ค30209","ว30307,ว30510,ท30201,ก30201","ว30305,ก30202",4,4,3,4,3,3,4,3,0,0,0,0,0,0,0,6,0,5,0,0,0,0,0,0,0,0,0,0,0,0,0,0,0,0,0,0,0,0,5,0,0,0,0,0,0,0,0,0,0,0,0,0,0,0,0,0,0,0,0,0,0,0,0,0,0,0,0,5,0,0,0,0,0,0,0,0,0,0,0,0,0,0,0,0,0,0,0,0,0,0,5,6,0,0,0,0,0,0,0,0,0,0,0,0,0,0
61,20250811-180037,True,,tameszaza-Cyborg-15-A12VF,Linux,x86_64,#27~24.04.1-Ubuntu SMP PREEMPT_DYNAMIC Tue Jul 22 17:38:49 UTC 2,x86_64,"ค30205,ค30208,ค30207,ค30210","ค30203,ค30206,ค30204,ค30209","ว30306,ว30703,ว30710,จ30201","ว30304,จ30202",4,4,3,4,3,3,4,3,0,0,0,0,0,0,6,0,5,0,0,0,0,0,0,0,0,0,0,0,0,0,0,0,0,0,0,0,0,0,0,0,0,0,0,5,0,0,0,0,0,0,5,0,0,0,0,0,0,0,0,0,0,0,0,0,0,0,0,0,0,0,0,0,0,0,0,0,0,0,0,0,0,0,0,0,0,0,0,0,0,0,0,0,5,6,0,0,0,0,0,0,0,0,0,0,0,0
62,20250811-180040,True,,tameszaza-Cyborg-15-A12VF,Linux,x86_64,#27~24.04.1-Ubuntu SMP PREEMPT_DYNAMIC Tue Jul 22 17:38:49 UTC 2,x86_64,"ค30208,ค30205,ค30209,ค30211","ค30203,ค30210,ค30207,ค30204","ว30306,ว30703,ว30710,จ30201","ว30304,จ30202",4,4,3,0,4,3,3,4,3,0,0,0,0,0,6,0,5,0,0,0,0,0,0,0,0,0,0,0,0,0,0,0,0,0,0,0,0,0,0,0,0,0,0,5,0,0,0,0,0,0,5,0,0,0,0,0,0,0,0,0,0,0,0,0,0,0,0,0,0,0,0,0,0,0,0,0,0,0,0,0,0,0,0,0,0,0,0,0,0,0,0,0,5,6,0,0,0,0,0,0,0,0,0,0,0,0
63,20250811-180042,True,,tameszaza-Cyborg-15-A12VF,Linux,x86_64,#27~24.04.1-Ubuntu SMP PREEMPT_DYNAMIC Tue Jul 22 17:38:49 UTC 2,x86_64,"ค30209,ค30208,ค30211,ค30205","ค30203,ค30204,ค30207,ค30210","ว30306,ว30703,ว30710,จ30201","ว30304,จ30202",4,4,3,0,4,3,3,4,3,0,0,0,0,0,6,0,5,0,0,0,0,0,0,0,0,0,0,0,0,0,0,0,0,0,0,0,0,0,0,0,0,0,0,5,0,0,0,0,0,0,5,0,0,0,0,0,0,0,0,0,0,0,0,0,0,0,0,0,0,0,0,0,0,0,0,0,0,0,0,0,0,0,0,0,0,0,0,0,0,0,0,0,5,6,0,0,0,0,0,0,0,0,0,0,0,0
64,20250811-180042,True,,tameszaza-Cyborg-15-A12VF,Linux,x86_64,#27~24.04.1-Ubuntu SMP PREEMPT_DYNAMIC Tue Jul 22 17:38:49 UTC 2,x86_64,"ค30205,ค30207,ค30210,ค30208","ค30204,ค30206,ค30203,ค30209","ว30306,ว30703,ว30710,จ30201","ว30304,จ30202",4,4,3,4,3,3,4,3,0,0,0,0,0,0,6,0,5,0,0,0,0,0,0,0,0,0,0,0,0,0,0,0,0,0,0,0,0,0,0,0,0,0,0,5,0,0,0,0,0,0,5,0,0,0,0,0,0,0,0,0,0,0,0,0,0,0,0,0,0,0,0,0,0,0,0,0,0,0,0,0,0,0,0,0,0,0,0,0,0,0,0,0,5,6,0,0,0,0,0,0,0,0,0,0,0,0
65,20250811-180104,True,,tameszaza-Cyborg-15-A12VF,Linux,x86_64,#27~24.04.1-Ubuntu SMP PREEMPT_DYNAMIC Tue Jul 22 17:38:49 UTC 2,x86_64,"ค30207,ค30205,ค30210,ค30208","ค30206,ค30203,ค30209,ค30204","ว30306,ว30604,ว30710,ก30201","ว30304,ก30201",4,4,3,4,3,3,4,3,0,0,0,0,0,0,6,0,5,0,0,0,0,0,0,0,0,0,0,0,0,0,0,0,0,0,0,0,0,0,0,0,0,0,5,0,0,0,0,0,0,0,5,0,0,0,0,0,0,0,0,0,0,0,0,0,0,0,0,0,0,0,0,0,0,0,0,0,0,0,0,0,0,0,0,0,0,0,0,0,0,0,5,0,0,0,0,0,0,0,0,0,0,0,0,0,0,0
66,20250811-180111,False,Total count is less than 14.,tameszaza-Cyborg-15-A12VF,Linux,x86_64,#27~24.04.1-Ubuntu SMP PREEMPT_DYNAMIC Tue Jul 22 17:38:49 UTC 2,x86_64,"ค30210,ค30207,ค30208,ค30204","ค30209,ค30206","ว30303,ว30508,ว30706,จ30201","ว30301,จ30202",0,3,0,4,3,3,4,3,0,0,0,6,0,5,0,0,0,0,0,0,0,0,0,0,0,0,0,0,0,0,0,0,0,0,0,0,5,0,0,0,0,0,0,0,0,0,5,0,0,0,0,0,0,0,0,0,0,0,0,0,0,0,0,0,0,0,0,0,0,0,0,0,0,0,0,0,0,0,0,0,0,0,0,0,0,0,0,0,0,0,0,0,5,6,0,0,0,0,0,0,0,0,0,0,0,0
67,20250811-180113,False,One or more color counts are greater than 4.,tameszaza-Cyborg-15-A12VF,Linux,x86_64,#27~24.04.1-Ubuntu SMP PREEMPT_DYNAMIC Tue Jul 22 17:38:49 UTC 2,x86_64,"ค30208,ค30210,ค30207,ค30205","ค30209,ค30203,ค30206,ค30204,ส30205","ว30306,ว30604,ว30710,จ30201","ว30304,จ30202",4,4,3,4,3,3,4,3,0,0,0,0,0,0,6,0,5,0,0,0,0,0,0,0,0,0,0,0,0,0,0,0,0,0,0,0,0,0,0,0,0,0,5,0,0,0,0,0,0,0,5,0,0,0,0,0,0,0,0,0,0,0,0,0,0,0,0,0,0,0,0,0,0,0,0,0,0,0,0,0,0,0,0,0,4,0,0,0,0,0,0,0,5,6,0,0,0,0,0,0,0,0,0,0,0,0
